date,Agropecuária,Indústria,Infraestrutura,Comércio e serviços,Total
1995-01-01,254.64626971652382,911.8650040474503,955.1167620257338,88.6878963477996,2210.3159321375074
1995-02-01,182.77752431156847,1188.4637175299085,276.1920486515963,126.79685896891318,1774.2301494619865
1995-03-01,485.9705973007369,1605.1843073597752,473.90841248359163,171.50630467503237,2736.5696218191365
1995-04-01,357.33431572746116,1178.1184948362393,376.8647092310967,187.79083891194418,2100.1083587067415
1995-05-01,460.881653879502,1854.0505135668998,662.2068734234095,221.56287862692994,3198.701919496741
1995-06-01,276.74294653630244,1562.9214384548159,502.0448224636723,232.26485637669825,2573.9740638314893
1995-07-01,209.79346728044064,1336.6490613042881,450.70720037460165,237.42053913056165,2234.570268089892
1995-08-01,233.9544814547805,1346.7898655404601,419.48649529472164,185.18601016516695,2185.416852455129
1995-09-01,225.15208223427558,1307.0362346025372,663.3857044282797,181.1011537313087,2376.6751749964014
1995-10-01,227.41896175104787,1816.0589313372964,570.628870573437,308.32172715768945,2922.428490819471
1995-11-01,242.53779278966175,1895.8889251072078,361.5188831015791,309.0193016300554,2808.9649026285038
1995-12-01,275.15468533063114,2712.38723709125,2401.2857746714794,200.91141781799013,5589.73911491135
1996-01-01,181.8596363894819,867.8132164728058,1276.1087937943544,184.13248465348389,2509.914131310126
1996-02-01,140.13002993472026,1622.1027172158376,1054.3315754765792,174.09653636713978,2990.6608589942766
1996-03-01,369.11240762227175,1838.7606842346618,474.193632075843,315.681742475364,2997.7484664081408
1996-04-01,186.78315575491953,1364.1253362683349,327.68796779042725,207.51207978651334,2086.108539600195
1996-05-01,198.04045689841047,1479.4863726424796,1410.254026952868,2282.182533449853,5369.96338994361
1996-06-01,397.83850187339294,1593.5446269679287,239.62450281243946,256.7324425907038,2487.7400742444647
1996-07-01,364.8005321646518,1348.5843895228777,982.6201612541304,454.45382165859644,3150.4589046002566
1996-08-01,284.42844676347136,1307.8324665440518,506.01267654211983,332.72569793149387,2430.999287781137
1996-09-01,234.85409279460825,1521.7315127676156,1414.7850045763228,416.3715742828727,3587.7421844214196
1996-10-01,167.61949275171446,983.7843107913992,813.632614621441,427.8917612184746,2392.928179383029
1996-11-01,208.92624503533926,1192.4535249002138,978.4585832062169,514.4902578323805,2894.3286109741503
1996-12-01,200.44837944482467,2471.1169209453133,2521.4733167681534,764.7233446462062,5957.761961804497
1997-01-01,128.29590165329898,1277.899328032141,1405.7559412072537,260.48317507736976,3072.4343459700635
1997-02-01,231.50190018732187,910.7835306519557,443.76876117614984,256.6333447784023,1842.6875367938296
1997-03-01,302.9783705313498,833.996970227972,1203.9719989242167,376.3311424837244,2717.2784821672626
1997-04-01,407.6391308978937,1375.0383781732792,1019.6479408400484,431.86144242240914,3234.1868923336306
1997-05-01,490.54820309946405,3683.7613001838527,659.1949175691271,402.0989010029431,5235.603321855388
1997-06-01,670.9359421277779,1758.6116506415995,3374.3265915730885,519.9293132266708,6323.803497569137
1997-07-01,510.20149165543836,3428.157841982475,843.7871538127687,368.70980618903235,5150.856293639714
1997-08-01,164.08777400929077,1917.0036817314767,2766.67225777857,346.19279259939003,5193.956506118728
1997-09-01,836.0841359289694,2019.7215987841498,4466.282057318403,771.8161679380837,8093.903959969605
1997-10-01,468.6525857477924,2505.7560444994724,2446.626502114556,565.2289135093606,5986.264045871181
1997-11-01,482.88393977429956,2303.4652741942928,5626.664392482533,1036.1264527780136,9449.140059229137
1997-12-01,527.2670141268834,3412.2988546571573,5955.020570008513,883.354928820994,10777.941367613548
1998-01-01,216.78725401879123,1779.1560447523373,1356.582142917832,371.35607546498613,3723.8815171539463
1998-02-01,527.5570345282487,1766.6674513900334,2121.874962270078,555.4415462249884,4971.540994413348
1998-03-01,509.39564722454236,2420.587710269433,1146.6382835992415,480.71698214627503,4557.338623239491
1998-04-01,265.76891588085266,1691.6427224804322,5721.843697742833,406.4705037378687,8085.725839841986
1998-05-01,270.2750831857421,2014.3008666360165,1261.4217900901942,519.8105065204071,4065.8082464323597
1998-06-01,265.9526645952361,2223.7112612100595,3712.369706713198,788.2712747726804,6990.304907291174
1998-07-01,395.90681164419436,2007.3195642897613,3088.060947752222,852.0245664714105,6343.311890157588
1998-08-01,247.7557593344373,3152.3948059976133,3104.3122836343437,944.0157597101087,7448.4786086765025
1998-09-01,603.5123646861946,3049.582173295159,2878.837793056203,639.0301091355788,7170.962440173135
1998-10-01,389.21544813157846,1605.3658713615766,1725.6217804227188,1009.778951493911,4729.9820514097855
1998-11-01,703.0599072155061,2759.822846907064,1279.6571136436173,689.7736444321695,5432.313512198356
1998-12-01,529.3708011402479,2834.9627043899113,1407.355578309715,998.7157038468097,5770.404787686683
1999-01-01,322.01720674819495,1764.3377601334769,554.3090354382107,374.156821045557,3014.8208233654395
1999-02-01,254.3470787112776,2455.2123362154457,595.2298429060892,443.8055380522583,3748.5947958850707
1999-03-01,486.0541662821283,2424.666464082821,1896.9907719072162,957.3890468719948,5765.10044914416
1999-04-01,324.85719753326674,2030.2135840117194,1003.4003907673606,286.67839827637385,3645.14957058872
1999-05-01,377.65571116433966,1946.0688865107165,812.7627228482062,479.41238919876616,3615.8997097220285
1999-06-01,362.09125862893956,3319.456478203885,1720.2146137234386,348.1757647596899,5749.938115315953
1999-07-01,456.4270891605224,2061.593938351517,714.4735271319752,513.2129575941292,3745.707512238144
1999-08-01,410.7173692348197,2493.206472743138,1778.8125262955323,517.466022264699,5200.202390538189
1999-09-01,321.17684485667195,2092.6038060033925,1033.5970684434735,825.848728647249,4273.226447950787
1999-10-01,337.0746095811573,2551.12778542095,1610.5556007798396,965.4783865525488,5464.236382334496
1999-11-01,365.15917151243013,2133.8492380647044,3029.904518104316,942.8059575307133,6471.718885212164
1999-12-01,454.8695908649667,3874.8516732099524,6535.5842563491115,836.5077566035277,11701.813277027557
2000-01-01,345.7608781820303,1272.8844699641422,976.0850978976587,454.8390212238726,3049.5694672677037
2000-02-01,294.7784412205106,2019.3216822249703,515.11034691361,645.852447191721,3475.062917550812
2000-03-01,334.35028292942883,3105.467456607033,1019.4207691734701,448.2050901944636,4907.443598904396
2000-04-01,373.36889213569344,1284.9752659665955,713.391556894478,479.9018010305235,2851.6375160272905
2000-05-01,534.5961685512736,1804.4234647552987,609.47453013299,616.8985906230655,3565.392754062628
2000-06-01,579.8826535675837,2353.647943120831,827.4745948613783,534.3427877577658,4295.3479793075585
2000-07-01,591.1856855202833,2197.7801450677234,5873.169590046958,550.047562207609,9212.182982842573
2000-08-01,611.3656489316311,2150.2812865875944,954.1252337641969,747.9200632038131,4463.692232487236
2000-09-01,599.8261848500646,2002.1918234852976,977.3682013370662,531.1736672528704,4110.559876925298
2000-10-01,627.0127797747743,6191.608719209452,1162.1946466238921,582.0804094928742,8562.896555100993
2000-11-01,300.09148442078566,5065.074746508413,6439.2097725729645,1087.4740324794168,12891.850035981579
2000-12-01,984.7909580674449,4112.026812164019,7146.434361461295,700.1674793433067,12943.419611036066
2001-01-01,591.3691943279349,2983.8119808312567,536.3409434575661,410.1521287037587,4521.674247320517
2001-02-01,414.86722685128115,2566.022821055462,388.1564088067668,346.1385836648809,3715.1850403783906
2001-03-01,616.7741917647238,6226.568036650287,989.0383252575584,571.3435362402679,8403.724089912837
2001-04-01,548.6512399090008,2327.304012050242,668.2695298487257,409.4067927162887,3953.631574524257
2001-05-01,613.1513848426382,2958.0097426879015,931.0343511074368,412.29396427755916,4914.489442915536
2001-06-01,810.1729661438559,2768.0343395952495,3150.4215211205947,410.97039408798383,7139.5992209476835
2001-07-01,849.9120160578213,2013.9771532064756,580.0344048773787,435.5742504453758,3879.4978245870516
2001-08-01,607.4669468863661,4041.597019698642,4854.7802712970715,716.2223923227292,10220.066630204808
2001-09-01,793.7877495537822,2157.2905868096573,1515.9884664389606,657.0641769638938,5124.130979766294
2001-10-01,781.6100267005852,3784.5639131508374,1767.0861491558164,559.4797836455883,6892.739872652827
2001-11-01,843.9206557363415,3574.2478264967262,2764.0133807315246,571.0007720247094,7753.182634989303
2001-12-01,904.0728912065007,4532.25817806746,3415.654425300429,1042.422924858754,9894.408419433144
2002-01-01,726.7561796451716,3048.749835368158,1012.1694357889313,475.25028037967644,5262.9257311819365
2002-02-01,734.5721645656064,2236.8727919028715,4051.9300492385773,421.5683089331475,7444.943314640203
2002-03-01,926.067481845815,1855.4711304651769,1680.5646264201407,473.4028708195968,4935.506109550729
2002-04-01,716.3292895391432,2322.989366464986,972.8944288342614,720.2710356824763,4732.484120520867
2002-05-01,846.3357876459579,4874.730736046485,1202.0793289352634,671.5746828897666,7594.720535517472
2002-06-01,836.1327346917462,6158.973508426351,539.8106056524865,599.3829866949825,8134.2998354655665
2002-07-01,1237.5983087615366,3962.90445516839,2221.491615402063,688.9869707167005,8110.981350048691
2002-08-01,1009.1876012997074,4584.0350622880105,6830.767100184882,1064.9778824919265,13488.967646264526
2002-09-01,1063.3633293893133,4659.776126296982,3972.2238547586276,621.953371777887,10317.316682222809
2002-10-01,1623.4786352313429,6246.5416932574835,3231.8626629024247,886.1899821606411,11988.072973551893
2002-11-01,337.68111986223283,4042.704641167458,3885.348074030036,580.5628176901344,8846.296652749861
2002-12-01,2472.542604343013,4603.654469691541,5486.245139869191,728.836155087594,13291.27836899134
2003-01-01,393.64915238045967,3185.6779724883972,563.0706434269025,457.6933423813374,4600.091110677096
2003-02-01,391.29139717294964,1537.9130504596797,2470.6696212747866,724.6927897404728,5124.566858647889
2003-03-01,621.662708348356,1705.071057015818,1320.5489896809618,482.3009721135306,4129.583727158666
2003-04-01,620.6104190690619,1582.2162087935592,900.3059107305805,426.3478980717746,3529.480436664976
2003-05-01,765.292743684768,1752.416770481512,1332.0257634540526,565.3741294286041,4415.109407048936
2003-06-01,1114.1610287369156,4729.950904635351,1751.1829629375104,866.7900863663959,8462.084982676173
2003-07-01,1670.509205304399,1474.8074490357435,3942.248400042295,656.7415152573036,7744.306569639742
2003-08-01,837.6571720855,1307.261429466597,1128.0825232649795,588.9691379618893,3861.970262778966
2003-09-01,989.7270639858774,1632.8004329985597,1453.7414555646537,744.9421317408561,4821.211084289947
2003-10-01,1485.189220875518,3430.653605835103,2049.643991221926,837.9929634629618,7803.479781395509
2003-11-01,1215.3200206163829,10840.649913810847,2498.315248104095,664.872352111789,15219.157534643116
2003-12-01,1075.011162764205,5896.139841147953,3889.547884094744,1016.7613333284405,11877.460221335343
2004-01-01,1420.1761347081515,2647.5470862098273,776.5046446965731,454.94706303277184,5299.174928647323
2004-02-01,1158.349651074294,3465.906726234371,1120.5615338648347,1263.3862788893919,7008.204190062892
2004-03-01,1120.5851449323654,4099.247308328807,1847.2082274094219,649.1764965347536,7716.217177205348
2004-04-01,1230.961777383415,2832.1439371463325,3975.2020501336315,402.9369385543467,8441.244703217726
2004-05-01,953.097928982429,1178.2389434492782,1624.8014216454949,395.9938411803225,4152.132135257524
2004-06-01,1584.8110045041533,3307.3964500983484,4109.883244695337,443.0548592354523,9445.14555853329
2004-07-01,1635.7078408247426,2101.1454860988492,2670.8527001988796,380.8245238176424,6788.530550940113
2004-08-01,973.9470469807252,1453.7435167131548,4550.972460106153,532.5056181593626,7511.168641959396
2004-09-01,1570.0174125334554,1585.9539837751568,4287.462057571961,376.4591672710659,7819.892621151639
2004-10-01,1393.3401675534221,3491.4898164914075,3381.7635741079453,703.8922306841597,8970.485788836935
2004-11-01,1557.7209510666985,3916.2015664497703,2038.7020148800248,442.4601849801382,7955.0847173766315
2004-12-01,1289.4293467072548,6015.537032858121,2258.7354240618647,528.6119092533953,10092.313712880636
2005-01-01,1099.8377279715276,4630.866744724576,2076.4257683504593,559.7656083308281,8366.895849377392
2005-02-01,741.8873146248359,2127.7609194704173,2055.6053845234683,472.3580421710233,5397.611660789745
2005-03-01,824.3846308114674,3819.127761920142,1731.5982134364947,609.7349234845954,6984.845529652699
2005-04-01,709.5956936069148,2591.342709030641,1790.907250942954,474.4283205541852,5566.273974134695
2005-05-01,443.265500710597,3029.6031176990555,2479.9351453938234,607.108255447445,6559.912019250921
2005-06-01,1009.2578973496286,6319.602630275125,2311.840946323564,854.5705905371333,10495.272064485449
2005-07-01,801.8340729692345,2832.528131930744,5328.93955152273,857.2401927590892,9820.541949181797
2005-08-01,333.7938059428495,4308.598524600206,3220.7847973844446,1100.484427725546,8963.661555653045
2005-09-01,452.58438038429625,2572.660531444975,1510.7273000824978,597.3612386631445,5133.3334505749135
2005-10-01,550.0496100836366,2012.0649068265438,2502.7190626578295,525.388144074452,5590.221723642462
2005-11-01,728.688584411628,8308.510010358172,3043.4175073932706,538.3482990112751,12618.964401174346
2005-12-01,1030.9397130536336,7477.039911831391,5910.327132687614,695.2364116153564,15113.543169187995
2006-01-01,827.6834132355093,1345.0842926598766,2167.8203295001144,849.5139530038069,5190.101988399307
2006-02-01,566.7732511890084,1396.110302085549,1366.3150311468473,382.57386729650955,3711.7724517179145
2006-03-01,745.8291295277003,2337.2736328574465,1576.244339408177,507.02043949410387,5166.367541287428
2006-04-01,401.4045183178758,4868.607851690597,2208.719777883855,475.3284553405039,7954.060603232831
2006-05-01,596.6479264229176,3015.3853823125437,2011.5881858776588,585.106287826594,6208.727782439714
2006-06-01,507.9851459517186,5095.073827005856,3184.0252306268844,749.5427481711945,9536.626951755654
2006-07-01,535.9033548080038,5215.050224112124,2558.0539495066537,686.8269621954788,8995.83449062226
2006-08-01,246.7475959049255,6014.681923972447,2783.341814603128,702.4104538508395,9747.181788331342
2006-09-01,380.1984386604829,4671.885274364298,2089.861845454943,747.5453213416123,7889.4908798213355
2006-10-01,583.723933517676,3933.7862158854455,2433.732692698027,807.7891353097879,7759.031977410936
2006-11-01,681.299052484976,5396.535533461203,6344.820673605094,914.7040048873484,13337.35926443862
2006-12-01,977.903319589996,12437.91740413771,3809.076910765322,2785.7863177171516,20010.68395221018
2007-01-01,803.322030957065,5627.083306707857,2413.9420093758677,636.3603122801106,9480.7076593209
2007-02-01,479.2529714102037,2199.4896509177324,1620.137339887891,418.37229409624797,4717.252256312076
2007-03-01,945.6567331381409,3271.3806756258405,2955.044651633518,1369.6257660340352,8541.707826431535
2007-04-01,777.4049974123095,3121.407550198325,2528.868979870617,734.6738667634985,7162.35539424475
2007-05-01,972.1611263688708,3426.3423856258646,2832.265586294973,1187.9365782077666,8418.705676497475
2007-06-01,944.9683189641052,5004.693130819852,4243.7700727803995,1073.0717190443015,11266.503241608658
2007-07-01,1082.8169839272634,6779.610615262664,3956.694301470569,1166.0735526626022,12985.1954533231
2007-08-01,430.15480762380014,5042.791789979875,4740.520342238743,1125.118638973026,11338.585578815446
2007-09-01,485.3518225871489,2365.8007604973263,4176.473356299227,2513.416793516725,9541.042732900427
2007-10-01,1031.2279844160562,4846.938057790786,7956.021117650228,1957.9619662560347,15792.149126113103
2007-11-01,877.1978788814024,5477.803210124884,5459.328994550133,1560.8623794943492,13375.192463050767
2007-12-01,1102.828088763638,5371.686550173065,7863.183589153581,1744.5860245246008,16082.284252614885
2008-01-01,837.5626684801056,4071.6824942456064,2618.8139694465194,985.8520526236869,8513.911184795918
2008-02-01,653.4834915491219,3995.9956158582236,2890.7679902207224,874.295330075277,8414.542427703345
2008-03-01,951.2900189290783,6519.8423617398985,5251.459790282378,1857.608734163423,14580.200905114778
2008-04-01,948.0525275262936,9041.252997305946,7029.408732517749,1045.3220453389742,18064.03630268896
2008-05-01,938.9726196262471,3702.592060958985,6512.032554150899,1128.4788161761956,12282.076050912327
2008-06-01,1091.2695792977984,3388.5316916888855,4574.783639084233,1405.0621132477497,10459.647023318666
2008-07-01,1057.0177891902104,4438.016218095339,3882.2610801343108,3135.3029052676634,12512.597992687524
2008-08-01,436.63849104497314,4985.791179551938,6556.107530017411,1599.8044351620601,13578.341635776382
2008-09-01,434.3838658939325,6737.056621183932,5757.711213775548,2182.8370238225602,15111.988724675972
2008-10-01,841.4670328419021,7747.987108782297,8166.707644888012,2016.361333749877,18772.523120262085
2008-11-01,1354.2050431854332,6347.298020828501,5590.688791873092,2231.50779228618,15523.699648173206
2008-12-01,977.4087809562325,12230.742006080256,7015.354341512702,2455.629172793724,22679.134301342914
2009-01-01,736.8265407759984,3799.9655178524513,2393.4045742164844,1193.0619840953675,8123.258616940302
2009-02-01,518.0383768463721,4594.475771099659,2878.243828871898,1177.009384653963,9167.767361471891
2009-03-01,837.9238888134352,5944.847316653639,7080.608717312165,1431.1433624528117,15294.523285232051
2009-04-01,1049.7505889877402,5278.311232412558,5775.164694864333,1840.1203723260578,13943.346888590688
2009-05-01,1174.3882295842704,2899.098613163133,5607.868212404639,1184.432748621769,10865.787803773812
2009-06-01,1347.800907272208,8695.577677476533,5982.024499013815,2328.84248782919,18354.245571591746
2009-07-01,1054.2713582896652,38943.407033085874,14765.737902265722,2786.795585660744,57550.211879302005
2009-08-01,834.7233811977413,6125.88114585504,4920.7673824903995,4353.361144544471,16234.733054087652
2009-09-01,1132.4570936863618,11325.269455844655,7249.033840071312,2851.3517510248544,22558.11214062718
2009-10-01,1008.0503493021677,6686.598709557987,8065.987271864675,3224.718163900483,18985.35449462531
2009-11-01,1271.9759373550653,8047.403378499972,7167.524207623323,2929.785021068188,19416.688544546545
2009-12-01,1311.7903478124151,11287.51838729229,15079.381104355256,5639.918386396656,33318.60822585662
2010-01-01,1645.8183889725622,3658.4965557443484,5216.159640348899,2959.041761139061,13479.516346204871
2010-02-01,1295.0026548367166,5596.04599663178,4729.52990730475,2815.563007941322,14436.141566714568
2010-03-01,1650.1515723135617,4315.1509906843885,7145.778628176411,3205.884979927627,16316.966171101989
2010-04-01,1405.7953929752803,4865.279553851959,7106.22507018066,4071.7408821439835,17449.04089915188
2010-05-01,1259.4571002948594,4568.564339802222,8044.0655263005165,3941.099663635488,17813.186630033084
2010-06-01,1354.613044611065,8843.069272513514,8596.908427425215,3918.0390376841606,22712.629782233955
2010-07-01,1160.1232001854055,9134.068584005083,7885.378687687778,4650.835406181322,22830.405878059588
2010-08-01,1292.1773009192455,17449.705390986204,8196.165940404464,4428.570855297561,31366.619487607473
2010-09-01,1237.2358410630618,52405.98866482146,5805.232283532742,3513.8511888019584,62962.30797821922
2010-10-01,1621.7883597741272,8572.340711478335,8342.74808911675,3256.9911084083033,21793.868268777518
2010-11-01,1590.6183923902693,5596.265207166968,9286.570296721853,4785.191719588885,21258.645615867976
2010-12-01,1776.1043219167211,9195.282095228185,9016.802891331345,4677.5036463885845,24665.692954864833
2011-01-01,1403.6066952011697,4467.509025913203,5424.410454193155,2362.2326735683464,13657.758848875874
2011-02-01,1077.2786048913124,4522.104789032813,6224.184353098355,2720.1172763405757,14543.685023363056
2011-03-01,992.0592267160783,3710.082943483499,4861.6632967756705,2971.2932359564293,12535.098702931678
2011-04-01,1122.1547518402092,4467.939486040823,5866.93055924868,2711.180372312801,14168.205169442514
2011-05-01,1227.2626061479232,5096.604919124159,6194.15059401455,3032.9280153020304,15550.946134588663
2011-06-01,2127.2996026845185,8071.871148041098,6454.840635014606,2989.321353806346,19643.33273954657
2011-07-01,1247.3581072287384,5238.335780363341,11513.00408359631,3703.3651269960305,21702.063098184422
2011-08-01,1222.2712881125103,5551.7533242703985,7368.394147742308,3897.9034986294123,18040.32225875463
2011-09-01,1224.382645695606,4700.2014991932865,7252.316424947387,4472.515012116042,17649.415581952322
2011-10-01,1198.0789495783163,5724.68589970547,7374.6828901082945,4232.106533407817,18529.554272799898
2011-11-01,1279.5329030807416,7475.357829035298,9561.593134767456,4720.656619956404,23037.1404868399
2011-12-01,1502.7560124404824,10962.53654206423,11484.67508913596,8672.074787251438,32622.042430892114
2012-01-01,1351.9529980389873,2458.875537216426,4784.724677957154,2348.6508313595155,10944.204044572081
2012-02-01,966.682869726396,2590.829042851973,5652.574682302902,3362.811550103887,12572.898144985158
2012-03-01,1114.8928610794287,4940.381202466919,4941.867323555462,3389.598647617097,14386.740034718905
2012-04-01,1212.1940877257707,4712.874074742873,5441.696606247471,3466.4133087718606,14833.178077487975
2012-05-01,1140.609900728035,3178.434595510651,5938.330460440069,4505.2569367086435,14762.631893387399
2012-06-01,1037.9821309267702,5646.519155157661,4162.814476275413,4020.079194849731,14867.394957209573
2012-07-01,1396.809845243802,11629.293472687508,4181.962596495805,4565.272601552949,21773.338515980064
2012-08-01,1591.9447024914748,8353.445242349248,5538.189290418265,4653.392220973195,20136.971456232182
2012-09-01,1551.2061777106237,7560.367416253715,6819.623905553641,4270.055927229556,20201.253426747535
2012-10-01,1642.2261981464637,6112.135485021675,7423.756514609739,5477.172729442937,20655.290927220813
2012-11-01,2037.0498091766653,5776.283294037406,6224.7847854642,5958.550842504027,19996.6687311823
2012-12-01,2164.969376277203,9219.311041970786,18812.22223012706,20321.769842078185,50518.27249045324
2013-01-01,2255.053730339147,4982.912483477123,3845.8641494099925,3708.049776731577,14791.880139957839
2013-02-01,2206.4440161891616,4999.076926356723,4066.345958240753,4843.631557217376,16115.498458004015
2013-03-01,2499.011829486603,9818.470644035042,5563.3401195269935,5276.400708935821,23157.223301984457
2013-04-01,2678.6625940089784,9372.713446680573,7794.705271197499,5016.8434474277965,24862.924759314847
2013-05-01,2361.2202300061754,7925.4520102259385,8763.09478992098,7687.755490701217,26737.522520854312
2013-06-01,1921.0695428947065,5061.5509010480855,9444.220115068516,5783.651487690107,22210.492046701416
2013-07-01,1816.0869656801024,6000.437250438338,5776.296488199624,6098.8973539835515,19691.718058301616
2013-08-01,1662.8629331867141,5053.078920987697,8954.043879029929,5703.002966500903,21372.98869970524
2013-09-01,1811.8744186871368,5705.105682928116,6161.916663844278,6640.115735562468,20319.012501022
2013-10-01,2083.066284721141,5231.037615937644,7605.285119993457,6624.216756353048,21543.60577700529
2013-11-01,2330.3097294297163,6602.376080825623,7844.768270504405,5125.751176612899,21903.205257372643
2013-12-01,3068.3790008015853,12144.70517593361,12852.113135509826,11073.157116698589,39138.35442894361
2014-01-01,2986.32646962725,5941.044625676004,7982.089257577708,4891.727070566256,21801.187423447216
2014-02-01,1389.697230080201,5852.620967256406,5629.570780289051,4668.352095109572,17540.24107273523
2014-03-01,1270.3136503838805,5395.506772199469,7762.313189643032,6308.815447060304,20736.949059286686
2014-04-01,1441.8677348207646,4203.269428637034,8286.879119836496,6643.459598427042,20575.475881721337
2014-05-01,1507.9990940895773,2833.6434588484167,5989.692169017124,3089.0477725482406,13420.38249450336
2014-06-01,1674.6775573766313,6076.146527238924,6529.316944524828,6260.6898248016405,20540.830853942025
2014-07-01,1793.7226874197502,5062.1031319639,6883.929619661509,4185.516784616684,17925.272223661843
2014-08-01,2058.831492293898,6906.991116133306,7013.25591246858,4903.152051781241,20882.230572677025
2014-09-01,2129.935236641814,6079.958320693994,8338.237467332656,5682.183634696876,22230.314659365344
2014-10-01,2126.180151364729,6901.782614804723,6779.405934042042,6646.506647696347,22453.87534790784
2014-11-01,1710.6786499638852,4834.873380190572,7238.647873632491,6936.964945770491,20721.164849557437
2014-12-01,2476.097202520668,7229.949769207085,14171.48857920533,9648.776044067625,33526.311595000705
2015-01-01,1818.204365900963,3318.8809037526034,4558.470302601107,2962.732742691642,12658.288314946316
2015-02-01,1189.8947460499587,4081.9645991120974,3771.186469009713,2636.4681943816117,11679.514008553382
2015-03-01,1538.1477524336174,5898.760653871366,6553.7963478560505,4108.437345352106,18099.14209951314
2015-04-01,1254.5213416707638,3032.348736196784,5690.121700055156,2894.8977623846217,12871.889540307326
2015-05-01,1544.8553902552785,4318.50023483388,5226.766181904114,2929.9564904420395,14020.078297435313
2015-06-01,1998.809055564304,4875.327401107657,6964.308046652212,3413.5768866677495,17252.02138999192
2015-07-01,1093.6481910934535,3507.25807444366,3208.4397720439097,2358.085548681762,10167.431586262785
2015-08-01,1114.4359188740393,2514.8103203866726,3650.552269716679,2471.9796372151595,9751.778146192552
2015-09-01,1294.2763964303135,3049.1903553266043,4648.006230535727,2469.462037226941,11460.935019519588
2015-10-01,1420.172821812392,2773.7821872604763,6464.445043062604,2731.4065036934126,13389.806555828884
2015-11-01,1501.1061365139615,2873.729658244382,6252.12504697114,2865.0830070277284,13492.043848757212
2015-12-01,1180.5381444900363,5313.830541373521,10479.037670516143,5673.996267696154,22647.402624075858
2016-01-01,1313.215866532859,1777.046526633664,2404.511582450392,1406.2032764182993,6900.977252035214
2016-02-01,1132.2000679513314,2354.3876691589912,2019.9931457416546,1435.6523143514494,6942.233197203426
2016-03-01,1210.0142485251395,2182.816073022583,2282.899907592885,1433.6296468754526,7109.35987601606
2016-04-01,1361.9131503283922,1706.3699853583594,3277.8775074292294,1760.4383677330716,8106.599010849053
2016-05-01,1302.4968243112078,2171.951220631125,1989.044336047058,2198.097959948518,7661.590340937909
2016-06-01,1327.2262610389737,3405.443450790496,2904.9196681982216,1739.573867668302,9377.163247695993
2016-07-01,1146.9146660004249,3915.4173559944293,2602.351575350599,1886.3026062849347,9550.986203630388
2016-08-01,920.823289569951,4409.975308855123,1053.560020434086,1353.0516320928448,7737.410250952005
2016-09-01,1166.0240502982115,2849.9617471756796,2061.5172678189338,1458.9994457460107,7536.502511038836
2016-10-01,1415.2824182615238,2579.982632956063,2253.301009527374,1324.6589115255456,7573.224972270506
2016-11-01,1541.7044170415527,1942.5766951900787,2568.177266353016,2336.1774809814206,8388.635859566068
2016-12-01,1923.9395274419514,4810.830179390552,3974.5306488726264,2422.621487450305,13131.921843155436
2017-01-01,1421.8833427823317,1042.0169889362974,1589.39677215661,1183.9670812462705,5237.264185121509
2017-02-01,1171.1194326325542,1077.2334117877308,2177.695813508746,1432.4120874602866,5858.460745389318
2017-03-01,1108.8963303282285,1349.7285115058828,1809.464472106511,1303.1859073747337,5571.275221315355
2017-04-01,1047.5016454558886,1530.834847470659,3118.8441629392305,1259.127742310806,6956.308398176584
2017-05-01,1327.4539486460283,1499.0499020387626,2652.699261954566,1485.701274889929,6964.9043875292855
2017-06-01,1522.1716450845506,1219.1935555152195,2072.903467955648,1567.4811224308714,6381.74979098629
2017-07-01,1364.8092745057309,2334.2256492330735,2529.962012835042,1140.2113487076845,7369.208285281531
2017-08-01,1249.6873848801238,1278.0487107068302,1493.5182946658795,1155.3104150182853,5176.5648052711185
2017-09-01,1228.543067659672,926.1343985350591,2301.413006592057,1041.0014267283116,5497.0918995151
2017-10-01,1470.1581990209645,1163.99768402267,1901.0839599912028,1135.7130325870176,5670.952875621854
2017-11-01,1471.1744377748123,1206.3754161318998,2512.0405869871865,1194.0309548198422,6383.621395713741
2017-12-01,1386.3783938656584,1873.7772476208922,5260.4262634613615,1982.2659241589556,10502.847829106868
2018-01-01,1009.9509276489932,451.0647777262605,1489.8685402222243,1208.2127450518537,4159.096990649332
2018-02-01,770.2970714254653,554.5778309998406,1166.074402576136,688.5496329368062,3179.4989379382478
2018-03-01,1145.4200742747084,842.0955552358274,1721.3414660964806,957.7677469736042,4666.624842580621
2018-04-01,1019.1784811718327,956.0417384537122,1643.0090179290407,748.0962732681378,4366.325510822724
2018-05-01,1130.527206384044,1144.0729856611588,3756.831472248759,1447.2404875207028,7478.672151814664
2018-06-01,1093.2429993283024,1506.5529088256535,2013.6105444554712,1216.3440822812768,5829.750534890703
2018-07-01,1007.0453811548443,777.533909207865,2815.712386110073,934.1455398987587,5534.437216371542
2018-08-01,1330.2906347863925,1199.029821156719,2506.502832939855,1056.828976712437,6092.652265595403
2018-09-01,1463.5252660552628,1171.4723643693605,1531.3111559942608,814.3231667392353,4980.631953158119
2018-10-01,2157.40769227433,1473.1213105700272,1249.4930478030763,834.6161951037191,5714.638245751153
2018-11-01,1753.4289914716474,1276.8066507419076,2453.11492984077,1271.898548908414,6755.24912096274
2018-12-01,1593.5520744694793,1629.3563922862836,9739.063831554717,1418.2133970920745,14380.185695402555
2019-01-01,1457.4604503510166,1073.0779857331538,2929.242255157175,585.3445611434436,6045.125252384789
2019-02-01,1147.537943706341,1060.2791589273284,2169.856843333347,399.42572499423693,4777.099670961254
2019-03-01,1057.234281155942,547.9851178363466,2103.4474514389053,454.328694112468,4162.995544543662
2019-04-01,1080.5353341982313,492.59279221832924,877.9156788496825,519.5247853972859,2970.568590663529
2019-05-01,1135.9565737298792,710.483240715234,1967.1156373949052,324.8820184222003,4138.437470262219
2019-06-01,660.7793023785666,1038.6775751750467,1745.8468149703176,364.92631667978185,3810.230009203713
2019-07-01,845.3769722544273,529.8653342806462,1879.3991578520668,558.1392618924629,3812.780726279603
2019-08-01,1352.3566122225488,506.32544321734395,2970.848531964612,570.7879534604812,5400.318540864985
2019-09-01,1710.5073449499303,535.2059512887447,1145.1457670100494,480.66001772459725,3871.5190809733217
2019-10-01,2153.48387453804,424.5612636409713,1442.2670443668562,608.2377697729678,4628.5499523188355
2019-11-01,2173.130229702075,535.1246450889502,3497.5592535479054,845.5239646452201,7051.3380929841505
2019-12-01,1405.36649771,1539.2486362099999,2181.02329293,630.491474439999,5756.129901289999
